Workbook
Name Car: 원가명세표!$K$2
Name Car: #REF!
Name CompCode: 원가명세표!$I$2
Name CompCode: #REF!
Name dd: #REF!
Name dd: #REF!
Name Process_P1: #REF!
Name Process_P1: #REF!
Name Processes: #REF!
Name Processes: #REF!
Name Uni: #REF!
Name Uni: #REF!

Sheet 종합
B2: KSAE 대학생 자작자동차대회 비용보고서(원가명세표)
B4: 엔트리 | D4: =원가명세표!I1 -> 5
B5: 학교명 | D5: =원가명세표!K1 -> 영남대학교
B6: 팀 명 | D6: =원가명세표!CompCode -> 천마DM
B7: 차량제작비 | D7: =원가명세표!Car -> 53038287
B9: 연번 | C9: 구분 | D9: 금액
B10: 1 | C10: 엔진&구동시스템 | D10: =원가명세표!K386 -> 29516404
B11: 2 | C11: 조향시스템 | D11: =원가명세표!K23 -> 1359486
B12: 3 | C12: 현가시스템 | D12: =원가명세표!K83 -> 8819776
B13: 4 | C13: 제동시스템 | D13: =원가명세표!K119 -> 1760668
B14: 5 | C14: 프레임&바디 | D14: =원가명세표!K201 -> 2492308
B15: 6 | C15: 전장시스템 | D15: =원가명세표!K551 -> 1643380
B16: 7 | C16: 휠&타이어 | D16: =원가명세표!K206 -> 6018192
B17: 8 | C17: 기타 | D17: =원가명세표!K242 -> 1428072.8
C18: 차량제작비 합계 | D18: =SUM(D10:D17) -> 53038287
B20: ** 원가명세표 시트에서 자동 계산된 결과입니다.
B21: ** 원가명세표 시트만 작성하시면 됩니다.
B23: ** 원가명세표는 팀의 현실적인 비용관리가 최우선 입니다.
B24: 1) '제품명, 구매-가공처' 항목은 다음 차량 제작 시 참고가 목적
B25: 2) 구매품, 가공품(부품-재료비, 외주 가공비)에 한해 기입 (기타 용접, 커팅, 노동비 등 제외)
B27: 3) 기존 사용 물품 또는 스폰서 물품의 경우 현재 시세가격으로 기입
B28: 4) 볼트, 너트, 밴드 등은 적용된 시스템에 기입 (중점 점검 항목)
B29: 5) 케이블타이, 절연 테이프 등은 제외
B30: ** 원가명세표 예시 참조

Sheet 원가명세표
A1: KSAE 대학생 자작자동차대회 비용보고서(원가명세표) | H1: 엔트리 | I1: 5 | J1: 학교명 | K1: 영남대학교 | M1: 기입 항목 | N1: 수정 금지
H2: 팀 명 | I2: 천마DM | J2: 차량제작비 | K2: =K552 -> 53038287
A4: 연번 | B4: 구분 | C4: Assy | E4: 제품명 | F4: 구매, 가공처 | G4: 부품, 재료비 | H4: 외주 가공비 | I4: 단가 | J4: 수량 | K4: 합계
A5: 1 | B5: 조향시스템 | C5: Steering Wheel Assy | D5: Steering Wheel | E5: Steering Wheel | F5: 동아레이저 | H5: 15000 | I5: =SUM(G5:H5) -> 15000 | J5: 1 | K5: =I5*J5 -> 15000
A6: 2 | B6: 조향시스템 | D6: Steering Wheel | E6: B-G Racing-Steering Wheel Quick Release | F6: B-G Racing | G6: 85468 | I6: =SUM(G6:H6) -> 85468 | J6: 1 | K6: =I6*J6 -> 85468
A7: 3 | B7: 조향시스템 | D7: Steering Wheel | E7: M6 나일론 록 너트 | F7: 대경볼트 | G7: 40 | I7: =SUM(G7:H7) -> 40 | J7: 4 | K7: =I7*J7 -> 160
A8: 4 | B8: 조향시스템 | D8: Steering Wheel | E8: 렌치볼트 M6-15mm | F8: 대경볼트 | G8: 50 | I8: =SUM(G8:H8) -> 50 | J8: 4 | K8: =I8*J8 -> 200
A9: 5 | B9: 조향시스템 | C9: Rack&Pinion Assy | D9: Rack&Pinion | E9: Narrco Rack & Pinion | F9: Fsaeparts | G9: 917000 | I9: =SUM(G9:H9) -> 917000 | J9: 1 | K9: =I9*J9 -> 917000
A10: 6 | B10: 조향시스템 | D10: Rack&Pinion | E10: Rack & Pinion Mount | F10: 신하정공 | G10: 50000 | I10: =SUM(G10:H10) -> 50000 | J10: 2 | K10: =I10*J10 -> 100000
A11: 7 | B11: 조향시스템 | D11: Rack&Pinion | E11: Ray Steering Column | F11: 현대 모비스 | G11: 45000 | I11: =SUM(G11:H11) -> 45000 | J11: 1 | K11: =I11*J11 -> 45000
A12: 8 | B12: 조향시스템 | D12: Rack&Pinion | E12: 랜치볼트 M6-35mm | F12: 대경볼트 | G12: 50 | I12: =SUM(G12:H12) -> 50 | J12: 12 | K12: =I12*J12 -> 600
A13: 9 | B13: 조향시스템 | D13: Rack&Pinion | E13: Rack & Pinion M6 나일론 록 너트 | F13: 대경볼트 | G13: 40 | I13: =SUM(G13:H13) -> 40 | J13: 8 | K13: =I13*J13 -> 320
A14: 10 | B14: 조향시스템 | D14: Rack&Pinion cover | E14: 레이저컷 | F14: 동아레이저 | G14: 4000 | I14: =SUM(G14:H14) -> 4000 | J14: 1 | K14: =I14*J14 -> 4000
A15: 11 | B15: 조향시스템 | D15: cover pop nut | E15: M6 팝너트 | F15: 네이버쇼핑 | G15: 100 | I15: =SUM(G15:H15) -> 100 | J15: 4 | K15: =I15*J15 -> 400
A16: 12 | B16: 조향시스템 | C16: Steering Shaft Assy | D16: Steering Shaft | E16: Steering Upper Shaft | F16: B-G Racing | H16: 42350 | I16: =SUM(G16:H16) -> 42350 | J16: 1 | K16: =I16*J16 -> 42350
A17: 13 | B17: 조향시스템 | D17: Steering Shaft | E17: Steering Lower Shaft | F17: 현대 모비스 | H17: 12500 | I17: =SUM(G17:H17) -> 12500 | J17: 1 | K17: =I17*J17 -> 12500
A18: 14 | B18: 조향시스템 | D18: Steering Shaft Housing | E18: Steering Shaft Housing | F18: 신하정공 | H18: 60000 | I18: =SUM(G18:H18) -> 60000 | J18: 1 | K18: =I18*J18 -> 60000
A19: 15 | B19: 조향시스템 | C19: Tie Rod Assy | D19: Tie Rod | E19: Tie Rod Pipe(D14) | F19: AARK 공동구매 | G19: 10000 | I19: =SUM(G19:H19) -> 10000 | J19: 1 | K19: =I19*J19 -> 10000
A20: 16 | B20: 조향시스템 | D20: Tie Rod | E20: AM-M6 | F20: 오로라베어링 | G20: 16532 | I20: =SUM(G20:H20) -> 16532 | J20: 4 | K20: =I20*J20 -> 66128
A21: 17 | B21: 조향시스템 | D21: Tie Rod | E21: 렌치볼트 M6-40mm | F21: 대경볼트 | G21: 50 | I21: =SUM(G21:H21) -> 50 | J21: 4 | K21: =I21*J21 -> 200
A22: 18 | B22: 조향시스템 | D22: Tie Rod | E22: M6 나일론 록 너트 | F22: 대경볼트 | G22: 40 | I22: =SUM(G22:H22) -> 40 | J22: 4 | K22: =I22*J22 -> 160
D23: 합계 | K23: =SUM(K5:K22) -> 1359486
A24: 1 | B24: 현가시스템 | C24: Front Stabilizer Assy | D24: Stabilizer bar | E24: Front Stabilizer Bar | F24: 신하정공 | H24: 150000 | I24: =SUM(G24:H24) -> 150000 | J24: 1 | K24: =H24*J24 -> 150000
A25: 2 | B25: 현가시스템 | D25: Stabilizer moment arm | E25: Front Stabilizer Arm | F25: 신하정공 | H25: 70000 | I25: =SUM(G25:H25) -> 70000 | J25: 2 | K25: =I25*J25 -> 140000
A26: 3 | B26: 현가시스템 | D26: bolt | E26: 렌치볼트 M8-30mm | F26: 대경볼트 | G26: 60 | I26: =SUM(G26:H26) -> 60 | J26: 2 | K26: =I26*J26 -> 120
A27: 4 | B27: 현가시스템 | E27: 렌치볼트 M6-25mm | F27: 대경볼트 | G27: 50 | I27: =SUM(G27:H27) -> 50 | J27: 6 | K27: =I27*J27 -> 300
A28: 5 | B28: 현가시스템 | D28: nut | E28: M8 나일론 록 너트 | F28: 대경볼트 | G28: 50 | I28: =SUM(G28:H28) -> 50 | J28: 2 | K28: =I28*J28 -> 100
A29: 6 | B29: 현가시스템 | E29: M6 나일론 록 너트 | F29: 대경볼트 | G29: 40 | I29: =SUM(G29:H29) -> 40 | J29: 6 | K29: =I29*J29 -> 240
A30: 7 | B30: 현가시스템 | D30: Turn Buckle | E30: POS 8mm | F30: 베어링몰 | G30: 11000 | I30: =SUM(G30:H30) -> 11000 | J30: 4 | K30: =I30*J30 -> 44000
A31: 8 | B31: 현가시스템 | D31: Stabilizer Housing Assy | E31: Front Stabilizer Bar Housing | F31: 신하정공 | H31: 40000 | I31: =SUM(G31:H31) -> 40000 | J31: 2 | K31: =I31*J31 -> 80000
A32: 9 | B32: 현가시스템 | E32: 6801ZZ Bearing | F32: 베어링몰 | G32: 4500 | I32: =SUM(G32:H32) -> 4500 | J32: 4 | K32: =I32*J32 -> 18000
A33: 10 | B33: 현가시스템 | C33: Rear Stabilizer Assy | D33: Stabilizer bar | E33: Stabilizer bar | F33: KND | H33: 40000 | I33: =SUM(G33:H33) -> 40000 | J33: 1 | K33: =I33*J33 -> 40000
A34: 11 | B34: 현가시스템 | D34: Stabilizer moment arm | E34: Stabilizer moment arm | F34: 신하정공 | H34: 60000 | I34: =SUM(G34:H34) -> 60000 | J34: 2 | K34: =I34*J34 -> 120000
A35: 12 | B35: 현가시스템 | D35: bolt | E35: 렌치볼트 M6-25mm | F35: 대경볼트 | G35: 50 | I35: =SUM(G35:H35) -> 50 | J35: 10 | K35: =I35*J35 -> 500
A36: 13 | B36: 현가시스템 | D36: nut | E36: M8 나일론 록 너트 | F36: 대경볼트 | G36: 50 | I36: =SUM(G36:H36) -> 50 | J36: 2 | K36: =I36*J36 -> 100
A37: 14 | B37: 현가시스템 | E37: M6 나일론 록 너트 | F37: 대경볼트 | G37: 40 | I37: =SUM(G37:H37) -> 40 | J37: 10 | K37: =I37*J37 -> 400
A38: 15 | B38: 현가시스템 | D38: Stabilizer Turn Buckle | E38: POS 8mm | F38: 베어링몰 | G38: 11000 | I38: =SUM(G38:H38) -> 11000 | J38: 4 | K38: =I38*J38 -> 44000
A39: 16 | B39: 현가시스템 | D39: Unit bearing | E39: 강판제 필로형 유닛 ASPP | F39: 한국미스미 | G39: 15450 | I39: =SUM(G39:H39) -> 15450 | J39: 2 | K39: =I39*J39 -> 30900
A40: 17 | B40: 현가시스템 | C40: Shock Absorber | D40: Spring | E40: Hyperco TTX25 Spring | F40: Kaz Technologeis | G40: 86887 | I40: =SUM(G40:H40) -> 86887 | J40: 4 | K40: =I40*J40 -> 347548
A41: 18 | B41: 현가시스템 | D41: Damper | E41: ohlins TTX25 MKII | F41: Ohlins.co | G41: =975000 -> 975000 | I41: =SUM(G41:H41) -> 975000 | J41: 4 | K41: =I41*J41 -> 3900000
A42: 19 | B42: 현가시스템 | D42: bolt | E42: 렌치볼트 M8-40mm | F42: 대경볼트 | G42: 60 | I42: =SUM(G42:H42) -> 60 | J42: 4 | K42: =I42*J42 -> 240
A43: 20 | B43: 현가시스템 | D43: nut | E43: M8 나일론 록 너트 | F43: 대경볼트 | G43: 50 | I43: =SUM(G43:H43) -> 50 | J43: 4 | K43: =I43*J43 -> 200
A44: 21 | B44: 현가시스템 | D44: Offset | E44: Shock Absorber Offset | F44: 자체제작 | G44: 70 | I44: =SUM(G44:H44) -> 70 | J44: 16 | K44: =I44*J44 -> 1120
A45: 22 | B45: 현가시스템 | C45: Bell Crank Assy | D45: Housing | E45: Front Bell Crank Housing | F45: 신하정공 | H45: 4500 | I45: =SUM(G45:H45) -> 4500 | J45: 4 | K45: =I45*J45 -> 18000
A46: 23 | B46: 현가시스템 | E46: Rear Bell Crank Housing | F46: 신하정공 | H46: 4500 | I46: =SUM(G46:H46) -> 4500 | J46: 4 | K46: =I46*J46 -> 18000
A47: 24 | B47: 현가시스템 | D47: bearing | E47: 6801ZZ Bearing | F47: 한국미스미 | H47: 4500 | I47: =SUM(G47:H47) -> 4500 | J47: 8 | K47: =I47*J47 -> 36000
A48: 25 | B48: 현가시스템 | D48: Plate | E48: Bell Carnk Plate | F48: 동아레이저 | H48: 900 | I48: =SUM(G48:H48) -> 900 | J48: 8 | K48: =I48*J48 -> 7200
A49: 26 | B49: 현가시스템 | D49: Offset | E49: Bell Crank Offset | F49: 자체제작 | G49: 100 | I49: =SUM(G49:H49) -> 100 | J49: 12 | K49: =I49*J49 -> 1200
A50: 27 | B50: 현가시스템 | D50: Bolt | E50: 렌치볼트 M6-35mm | F50: 대경볼트 | G50: 50 | I50: =SUM(G50:H50) -> 50 | J50: 4 | K50: =I50*J50 -> 200
A51: 28 | B51: 현가시스템 | E51: 렌치볼트 M8-35mm | F51: 대경볼트 | G51: 60 | I51: =SUM(G51:H51) -> 60 | J51: 12 | K51: =I51*J51 -> 720
A52: 29 | B52: 현가시스템 | D52: Nut | E52: M6 나일론 록 너트 | F52: 대경볼트 | G52: 40 | I52: =SUM(G52:H52) -> 40 | J52: 4 | K52: =I52*J52 -> 160
A53: 30 | B53: 현가시스템 | E53: M8 나일론 록 너트 | F53: 대경볼트 | G53: 50 | I53: =SUM(G53:H53) -> 50 | J53: 12 | K53: =I53*J53 -> 600
A54: 31 | B54: 현가시스템 | C54: Rod Assy | D54: Pull Rod | E54: AM-M6 | F54: 오로라베어링 | G54: 16532 | I54: =SUM(G54:H54) -> 16532 | J54: 4 | K54: =I54*J54 -> 66128
A55: 32 | B55: 현가시스템 | E55: Rod Pipe | F55: AARK 공동구매 | G55: 600 | I55: =SUM(G55:H55) -> 600 | J55: 2 | K55: =I55*J55 -> 1200
A56: 33 | B56: 현가시스템 | E56: 렌치볼트 M6-25mm | F56: 대경볼트 | G56: 50 | I56: =SUM(G56:H56) -> 50 | J56: 2 | K56: =I56*J56 -> 100
A57: 34 | B57: 현가시스템 | E57: M6 나일론 록 너트 | F57: 대경볼트 | G57: 40 | I57: =SUM(G57:H57) -> 40 | J57: 2 | K57: =I57*J57 -> 80
A58: 35 | B58: 현가시스템 | E58: Offset | F58: 자체제작 | G58: 80 | I58: =SUM(G58:H58) -> 80 | J58: 8 | K58: =I58*J58 -> 640
A59: 36 | B59: 현가시스템 | D59: Push Rod | E59: AM-M6 | F59: 오로라베어링 | G59: 16532 | I59: =SUM(G59:H59) -> 16532 | J59: 4 | K59: =I59*J59 -> 66128
A60: 37 | B60: 현가시스템 | E60: Rod Pipe | F60: AARK 공동구매 | G60: 1000 | I60: =SUM(G60:H60) -> 1000 | J60: 2 | K60: =I60*J60 -> 2000
A61: 38 | B61: 현가시스템 | E61: 렌치볼트 M6-25mm | F61: 대경볼트 | G61: 50 | I61: =SUM(G61:H61) -> 50 | J61: 2 | K61: =I61*J61 -> 100
A62: 39 | B62: 현가시스템 | E62: M6 나일론 록 너트 | F62: 대경볼트 | G62: 40 | I62: =SUM(G62:H62) -> 40 | J62: 2 | K62: =I62*J62 -> 80
A63: 40 | B63: 현가시스템 | E63: Offset | F63: 자체제작 | G63: 80 | I63: =SUM(G63:H63) -> 80 | J63: 8 | K63: =I63*J63 -> 640
A64: 41 | B64: 현가시스템 | C64: Upright Assy | D64: Upright | E64: Front Upright | F64: 영동테크 | G64: 29000 | H64: 495000 | I64: =SUM(G64:H64) -> 524000 | J64: 2 | K64: =I64*J64 -> 1048000
A65: 42 | B65: 현가시스템 | E65: Rear Upright | F65: 영동테크 | G65: 30000 | H65: 475000 | I65: =SUM(G65:H65) -> 505000 | J65: 2 | K65: =I65*J65 -> 1010000
A66: 43 | B66: 현가시스템 | D66: Offset | E66: Upright Offset | F66: 자체제작 | G66: 90 | I66: =SUM(G66:H66) -> 90 | J66: 24 | K66: =I66*J66 -> 2160
A67: 44 | B67: 현가시스템 | D67: Bearing | E67: 7006 Bearing | F67: 한국미스미 | G67: 11200 | I67: =SUM(G67:H67) -> 11200 | J67: 4 | K67: =I67*J67 -> 44800
A68: 45 | B68: 현가시스템 | E68: 6914ZZ | F68: 한국미스미 | G68: 12000 | I68: =SUM(G68:H68) -> 12000 | J68: 4 | K68: =I68*J68 -> 48000
A69: 46 | B69: 현가시스템 | D69: Bolt | E69: 렌치볼트 M6-45mm | F69: 대경볼트 | G69: 50 | I69: =SUM(G69:H69) -> 50 | J69: 18 | K69: =I69*J69 -> 900
A70: 47 | B70: 현가시스템 | C70: Hub Assy | D70: Hub | E70: Front Hub | F70: 영동테크 | G70: 29000 | H70: 225000 | I70: =SUM(G70:H70) -> 254000 | J70: 2 | K70: =I70*J70 -> 508000
A71: 48 | B71: 현가시스템 | E71: Rear Hub | F71: 영동테크 | G71: 32000 | H71: 225000 | I71: =SUM(G71:H71) -> 257000 | J71: 2 | K71: =I71*J71 -> 514000
A72: 49 | B72: 현가시스템 | E72: Bearing Nut M30 | F72: 동일종합상사 | G72: 3000 | I72: =SUM(G72:H72) -> 3000 | J72: 4 | K72: =I72*J72 -> 12000
A73: 50 | B73: 현가시스템 | E73: 축용 스냅링 | F73: 동일종합상사 | G73: 4500 | I73: =SUM(G73:H73) -> 4500 | J73: 2 | K73: =I73*J73 -> 9000
A74: 51 | B74: 현가시스템 | E74: 국화와셔 M30 | F74: 동일종합상사 | G74: 800 | I74: =SUM(G74:H74) -> 800 | J74: 2 | K74: =I74*J74 -> 1600
A75: 52 | B75: 현가시스템 | C75: Arm Assy | D75: Pipe | E75: Arm Pipe(D14) | F75: AARK 공동구매 | G75: 1000 | I75: =SUM(G75:H75) -> 1000 | J75: 16 | K75: =I75*J75 -> 16000
A76: 53 | B76: 현가시스템 | D76: Housing | E76: PB 6mm Bearing Housing | F76: 신하정공 | H76: 4500 | I76: =SUM(G76:H76) -> 4500 | J76: 16 | K76: =I76*J76 -> 72000
A77: 54 | B77: 현가시스템 | D77: Bearing | E77: AM-M6 | F77: 오로라베어링 | G77: 16532 | I77: =SUM(G77:H77) -> 16532 | J77: 16 | K77: =I77*J77 -> 264512
A78: 55 | B78: 현가시스템 | D78: Bearing | E78: COM-M6 | F78: 오로라베어링 | G78: 15700 | I78: =SUM(G78:H78) -> 15700 | J78: 8 | K78: =I78*J78 -> 125600
A79: 56 | B79: 현가시스템 | D79: Snapring | E79: Arm Snapring | F79: 동일종합상사 | G79: 200 | I79: =SUM(G79:H79) -> 200 | J79: 12 | K79: =I79*J79 -> 2400
A80: 57 | B80: 현가시스템 | D80: Offset | E80: Arm Offset | F80: 자체제작 | G80: 70 | I80: =SUM(G80:H80) -> 70 | J80: 32 | K80: =I80*J80 -> 2240
A81: 58 | B81: 현가시스템 | D81: Bolt | E81: 렌치볼트 M6-35mm | F81: 대경볼트 | G81: 50 | I81: =SUM(G81:H81) -> 50 | J81: 18 | K81: =I81*J81 -> 900
A82: 59 | B82: 현가시스템 | D82: Nut | E82: M6 나일론 록 너트 | F82: 대경볼트 | G82: 40 | I82: =SUM(G82:H82) -> 40 | J82: 18 | K82: =I82*J82 -> 720
D83: 합계 | K83: =SUM(K24:K82) -> 8819776
A84: 1 | B84: 제동시스템 | C84: Brake Disc | D84: Brake Disc | E84: Brake Disc | F84: 동아레이저 | H84: 5000 | I84: =SUM(G84:H84) -> 5000 | J84: 4 | K84: =I84*J84 -> 20000
A85: 2 | B85: 제동시스템 | D85: Brake Disc 6mm Bolt | E85: 렌치볼트 M6-25mm | F85: 대경볼트 | G85: 50 | I85: =SUM(G85:H85) -> 50 | J85: 16 | K85: =I85*J85 -> 800
A86: 3 | B86: 제동시스템 | D86: Brake Disc 6mm Nut | E86: M6 유너트 | F86: 대경볼트 | G86: 80 | I86: =SUM(G86:H86) -> 80 | J86: 16 | K86: =I86*J86 -> 1280
A87: 4 | B87: 제동시스템 | C87: Master Cylinder | D87: 실린더 | E87: tilton master cylinder | F87: summit racing | G87: 280000 | I87: =SUM(G87:H87) -> 280000 | J87: 2 | K87: =I87*J87 -> 560000
A88: 5 | B88: 제동시스템 | D88: Master Cylinder 8mm Bolt | E88: 렌치볼트 M8-80mm | F88: 대경볼트 | G88: 60 | I88: =SUM(G88:H88) -> 60 | J88: 1 | K88: =I88*J88 -> 60
A89: 6 | B89: 제동시스템 | D89: Master Cylinder 8mm Nut | E89: M8 나일론 록 너트 | F89: 대경볼트 | G89: 50 | I89: =SUM(G89:H89) -> 50 | J89: 1 | K89: =I89*J89 -> 50
A90: 7 | B90: 제동시스템 | D90: Master Cylinder inch Nut | E90: inch 너트 | F90: 세광 | G90: 250 | I90: =SUM(G90:H90) -> 250 | J90: 2 | K90: =I90*J90 -> 500
A91: 8 | B91: 제동시스템 | C91: Balance Bar | D91: Balance Bar | E91: Balance Bar | F91: summit racing | G91: 150000 | I91: =SUM(G91:H91) -> 150000 | J91: 1 | K91: =I91*J91 -> 150000
A92: 9 | B92: 제동시스템 | C92: Caliper | D92: Wilwood Caliper 120-12178 | E92: Wilwood Caliper 120-12178 | F92: summit racing | G92: 125000 | I92: =SUM(G92:H92) -> 125000 | J92: 4 | K92: =I92*J92 -> 500000
A93: 10 | B93: 제동시스템 | D93: Ferodo | E93: FBD250SG | F93: Wilwood | G93: 15000 | I93: =SUM(G93:H93) -> 15000 | J93: 8 | K93: =I93*J93 -> 120000
A94: 11 | B94: 제동시스템 | D94: Caliper 8mm Bolt | E94: 렌치볼트 M8-35mm | F94: 대경볼트 | G94: 60 | I94: =SUM(G94:H94) -> 60 | J94: 8 | K94: =I94*J94 -> 480
A95: 12 | B95: 제동시스템 | D95: Caliper 8mm Nut | E95: M8 유너트 | F95: 대경볼트 | G95: 90 | I95: =SUM(G95:H95) -> 90 | J95: 8 | K95: =I95*J95 -> 720
A96: 13 | B96: 제동시스템 | C96: Pedal | D96: Pedal rail | E96: Pedal rail | F96: 신하정공 | H96: 30000 | I96: =SUM(G96:H96) -> 30000 | J96: 2 | K96: =I96*J96 -> 60000
A97: 14 | B97: 제동시스템 | D97: Brake Pedal | E97: Brake Pedal | F97: 신하정공 | H97: 70000 | I97: =SUM(G97:H97) -> 70000 | J97: 1 | K97: =I97*J97 -> 70000
A98: 15 | B98: 제동시스템 | D98: Pedal Offset | E98: Pedal Offset | F98: 자체제작 | G98: 100 | I98: =SUM(G98:H98) -> 100 | J98: 5 | K98: =I98*J98 -> 500
A99: 16 | B99: 제동시스템 | D99: Steel connector | E99: Steel connector | F99: 동아레이저 | G99: 3000 | I99: =SUM(G99:H99) -> 3000 | J99: 1 | K99: =I99*J99 -> 3000
A100: 17 | B100: 제동시스템 | D100: Snapring | E100: C형상 스냅링(축용) | F100: 미스미 | G100: 2174 | I100: =SUM(G100:H100) -> 2174 | J100: 2 | K100: =I100*J100 -> 4348
A101: 18 | B101: 제동시스템 | D101: Pedal 8mm Bolt | E101: 렌치볼트 M8-30mm | F101: 대경볼트 | G101: 60 | I101: =SUM(G101:H101) -> 60 | J101: 7 | K101: =I101*J101 -> 420
...
